sku_id,product_category,product_category_id,product_subcategory,product_subcategory_id,model_name,model_id,brand_name,brand_id,product_name,product_id,product_color,product_size,product_description,unique_id,list_price,cost_price,sale_price,launched_ts
SKU0015111,Kids,FSHN0MC003,New Born Clothing,FSHN0SC0KDS004,Pants & Overalls,1101,Janie and Jack,2201,Janie and Jack Pants & Overalls,11012201,purple,9-12 months,This is Janie and Jack Pants & Overalls in purple Color and 9-12 months Size,35111,3641.36,2412.77,2519.19,2022-10-28 03:31:47.254725473
SKU0015273,Kids,FSHN0MC003,New Born Clothing,FSHN0SC0KDS004,Swim,1136,Janie and Jack,2201,Janie and Jack Swim,11362201,blue,0-3 months,This is Janie and Jack Swim in blue Color and 0-3 months Size,35273,5802.25,2921.17,3634.71,2022-12-28 02:20:30.027002700
SKU0015279,Kids,FSHN0MC003,Boys clothing,FSHN0SC0KDS001,Shorts,1193,Janie and Jack,2201,Janie and Jack Shorts,11932201,green,4,This is Janie and Jack Shorts in green Color and 4 Size,35279,5816.35,3149.12,3735.46,2022-12-18 08:33:16.039603962
SKU0015328,Kids,FSHN0MC003,New Born Clothing,FSHN0SC0KDS004,Sweaters & Jackets,1205,Janie and Jack,2201,Janie and Jack Sweaters & Jackets,12052201,multicolor,9-12 months,This is Janie and Jack Sweaters & Jackets in multicolor Color and 9-12 months Size,35327,2304.36,1250.58,1323.29,2022-10-02 16:27:54.599459946
SKU0015453,Kids,FSHN0MC003,Girls clothing,FSHN0SC0KDS002,Swim & Cover-Ups,1114,Janie and Jack,2201,Janie and Jack Swim & Cover-Ups,11142201,pink,3,This is Janie and Jack Swim & Cover-Ups in pink Color and 3 Size,35452,6033.54,4217.75,4617.05,2023-01-11 22:16:34.131413142
SKU0015474,Kids,FSHN0MC003,Kids Footwear,FSHN0SC0KDS003,Boy Shoes,1139,Janie and Jack,2201,Janie and Jack Boy Shoes,11392201,multicolor,UK 3C,This is Janie and Jack Boy Shoes in multicolor Color and UK 3C Size,35473,5821.23,2963.59,3695.04,2023-01-13 01:31:45.958595860
SKU0015475,Kids,FSHN0MC003,New Born Clothing,FSHN0SC0KDS004,Dresses & Sets,1125,Janie and Jack,2201,Janie and Jack Dresses & Sets,11252201,pink,12-15 months,This is Janie and Jack Dresses & Sets in pink Color and 12-15 months Size,35474,3309.98,2179.61,2298.32,2022-10-09 14:36:42.124212421
SKU0015488,Kids,FSHN0MC003,Accessories,FSHN0SC0KDS005,Socks & Tights,1135,Janie and Jack,2201,Janie and Jack Socks & Tights,11352201,navy,2+ years,This is Janie and Jack Socks & Tights in navy Color and 2+ years Size,35487,3405.72,1878.24,2041.1,2022-11-04 10:52:12.745274528
SKU0015508,Kids,FSHN0MC003,New Born Clothing,FSHN0SC0KDS004,Dresses & Sets,1125,Janie and Jack,2201,Janie and Jack Dresses & Sets,11252201,black,0-3 months,This is Janie and Jack Dresses & Sets in black Color and 0-3 months Size,35507,4599.06,2346.44,2483.86,2022-09-28 06:44:07.992799280
SKU0015536,Kids,FSHN0MC003,New Born Clothing,FSHN0SC0KDS004,Tops & Bodysuits,1219,Janie and Jack,2201,Janie and Jack Tops & Bodysuits,12192201,black,9-12 months,This is Janie and Jack Tops & Bodysuits in black Color and 9-12 months Size,35535,5338.09,2722.37,2586.96,2022-10-24 03:19:20.684068407
SKU0015575,Kids,FSHN0MC003,Kids Footwear,FSHN0SC0KDS003,Boy Shoes,1139,Janie and Jack,2201,Janie and Jack Boy Shoes,11392201,yellow,UK 6C,This is Janie and Jack Boy Shoes in yellow Color and UK 6C Size,35573,2773.18,1848.41,1798.69,2022-09-06 03:07:56.327632763
SKU0015668,Kids,FSHN0MC003,New Born Clothing,FSHN0SC0KDS004,Pants & Overalls,1101,Janie and Jack,2201,Janie and Jack Pants & Overalls,11012201,pink,3-6 months,This is Janie and Jack Pants & Overalls in pink Color and 3-6 months Size,35665,4315.2,2244.49,2792.75,2022-10-19 09:03:20.252025203
SKU0015766,Kids,FSHN0MC003,Kids Footwear,FSHN0SC0KDS003,Boy Shoes,1139,Janie and Jack,2201,Janie and Jack Boy Shoes,11392201,purple,UK 5C,This is Janie and Jack Boy Shoes in purple Color and UK 5C Size,35763,5781.14,3314.75,3683.88,2022-11-16 21:20:34.563456346
SKU0015768,Kids,FSHN0MC003,Kids Footwear,FSHN0SC0KDS003,Girl Shoes,1189,Janie and Jack,2201,Janie and Jack Girl Shoes,11892201,red,UK 7C,This is Janie and Jack Girl Shoes in red Color and UK 7C Size,35765,4782.88,3127.57,3300.88,2022-11-01 07:20:56.597659766
SKU0015775,Kids,FSHN0MC003,New Born Clothing,FSHN0SC0KDS004,One-Pieces & Rompers,1106,Janie and Jack,2201,Janie and Jack One-Pieces & Rompers,11062201,multicolor,3-6 months,This is Janie and Jack One-Pieces & Rompers in multicolor Color and 3-6 months Size,35772,2127.16,1221.1,1465.69,2022-12-14 06:02:54.977497750
SKU0015819,Kids,FSHN0MC003,Girls clothing,FSHN0SC0KDS002,Long Sleeve Tops,1248,Janie and Jack,2201,Janie and Jack Long Sleeve Tops,12482201,pink,12,This is Janie and Jack Long Sleeve Tops in pink Color and 12 Size,35815,6058.09,4050.8,4737.52,2022-12-06 03:39:49.414941495
SKU0015870,Kids,FSHN0MC003,New Born Clothing,FSHN0SC0KDS004,Sets,1232,Janie and Jack,2201,Janie and Jack Sets,12322201,orange,0-3 months,This is Janie and Jack Sets in orange Color and 0-3 months Size,35866,5633.38,3594.24,3756.83,2022-10-15 20:59:50.279027903
SKU0015972,Kids,FSHN0MC003,Accessories,FSHN0SC0KDS005,Hair,1213,Janie and Jack,2201,Janie and Jack Hair,12132201,shaded,8+ years,This is Janie and Jack Hair in shaded Color and 8+ years Size,35967,2915.89,1607.15,1653.04,2022-11-04 06:16:23.762376238
SKU0016279,Kids,FSHN0MC003,Girls clothing,FSHN0SC0KDS002,Swim & Cover-Ups,1114,Janie and Jack,2201,Janie and Jack Swim & Cover-Ups,11142201,shaded,16,This is Janie and Jack Swim & Cover-Ups in shaded Color and 16 Size,36266,5542.97,2802.15,3051.51,2022-10-14 04:56:17.713771377
SKU0016326,Kids,FSHN0MC003,New Born Clothing,FSHN0SC0KDS004,Pants & Overalls,1101,Janie and Jack,2201,Janie and Jack Pants & Overalls,11012201,multicolor,3-6 months,This is Janie and Jack Pants & Overalls in multicolor Color and 3-6 months Size,36312,2508.95,1502.6,1821.89,2023-01-14 06:25:28.136813682
SKU0016363,Kids,FSHN0MC003,Girls clothing,FSHN0SC0KDS002,Gloves,1250,Janie and Jack,2201,Janie and Jack Gloves,12502201,blue,12,This is Janie and Jack Gloves in blue Color and 12 Size,36349,5367.9,2933.0,2983.43,2022-11-21 18:33:53.627362737
SKU0016401,Kids,FSHN0MC003,Accessories,FSHN0SC0KDS005,Socks & Tights,1135,Janie and Jack,2201,Janie and Jack Socks & Tights,11352201,multicolor,2+ years,This is Janie and Jack Socks & Tights in multicolor Color and 2+ years Size,36387,5519.27,3408.59,3313.79,2022-11-08 17:38:40.720072008
SKU0016402,Kids,FSHN0MC003,Accessories,FSHN0SC0KDS005,Belts & Suspenders,1142,Janie and Jack,2201,Janie and Jack Belts & Suspenders,11422201,burgundy,6+ years,This is Janie and Jack Belts & Suspenders in burgundy Color and 6+ years Size,36388,5403.33,3078.03,3075.88,2022-09-25 12:24:29.810981098
SKU0016511,Kids,FSHN0MC003,Accessories,FSHN0SC0KDS005,Hair,1213,Janie and Jack,2201,Janie and Jack Hair,12132201,multicolor,2+ years,This is Janie and Jack Hair in multicolor Color and 2+ years Size,36493,6068.47,3616.9,4113.85,2022-09-15 16:39:03.402340234
SKU0016512,Kids,FSHN0MC003,New Born Clothing,FSHN0SC0KDS004,Dresses & Sets,1125,Janie and Jack,2201,Janie and Jack Dresses & Sets,11252201,maroon,0-3 months,This is Janie and Jack Dresses & Sets in maroon Color and 0-3 months Size,36494,3702.98,2321.23,2898.94,2022-10-26 12:07:38.829882989
SKU0016536,Kids,FSHN0MC003,Girls clothing,FSHN0SC0KDS002,Swim & Cover-Ups,1114,Janie and Jack,2201,Janie and Jack Swim & Cover-Ups,11142201,gray,6-12M,This is Janie and Jack Swim & Cover-Ups in gray Color and 6-12M Size,36517,2879.61,1450.44,1725.14,2022-11-14 08:55:33.645364537
SKU0016619,Kids,FSHN0MC003,Boys clothing,FSHN0SC0KDS001,Suiting,1215,Janie and Jack,2201,Janie and Jack Suiting,12152201,navy,10,This is Janie and Jack Suiting in navy Color and 10 Size,36597,6952.91,3974.86,4968.18,2023-01-24 03:29:42.826282630
SKU0016705,Kids,FSHN0MC003,Accessories,FSHN0SC0KDS005,Socks & Tights,1135,Janie and Jack,2201,Janie and Jack Socks & Tights,11352201,purple,6-12 months,This is Janie and Jack Socks & Tights in purple Color and 6-12 months Size,36679,4715.52,2454.4,2590.16,2023-01-21 13:26:11.557155716
SKU0016736,Kids,FSHN0MC003,Girls clothing,FSHN0SC0KDS002,Coat,1221,Janie and Jack,2201,Janie and Jack Coat,12212201,yellow,12,This is Janie and Jack Coat in yellow Color and 12 Size,36709,6253.72,4162.57,4418.94,2022-11-09 16:37:45.634563457
SKU0016756,Kids,FSHN0MC003,New Born Clothing,FSHN0SC0KDS004,Pants & Overalls,1101,Janie and Jack,2201,Janie and Jack Pants & Overalls,11012201,purple,9-12 months,This is Janie and Jack Pants & Overalls in purple Color and 9-12 months Size,35111,5820.49,3226.34,3390.45,2023-01-11 06:50:36.831683170
SKU0016887,Kids,FSHN0MC003,New Born Clothing,FSHN0SC0KDS004,Pants & Overalls,1101,Janie and Jack,2201,Janie and Jack Pants & Overalls,11012201,white,6-9 months,This is Janie and Jack Pants & Overalls in white Color and 6-9 months Size,36852,6120.83,4281.54,5340.52,2022-12-27 13:32:09.288928894
SKU0016897,Kids,FSHN0MC003,New Born Clothing,FSHN0SC0KDS004,Swim,1136,Janie and Jack,2201,Janie and Jack Swim,11362201,yellow,3-6 months,This is Janie and Jack Swim in yellow Color and 3-6 months Size,36861,2744.82,1513.83,1668.87,2022-10-26 00:57:48.442844285
SKU0016951,Kids,FSHN0MC003,Kids Footwear,FSHN0SC0KDS003,Boy Shoes,1139,Janie and Jack,2201,Janie and Jack Boy Shoes,11392201,maroon,UK 4C,This is Janie and Jack Boy Shoes in maroon Color and UK 4C Size,36913,6616.69,4003.82,4652.9,2022-09-08 05:02:30.999099910
SKU0017080,Kids,FSHN0MC003,Girls clothing,FSHN0SC0KDS002,Sleeveless Tops,1252,Janie and Jack,2201,Janie and Jack Sleeveless Tops,12522201,black,12-18M,This is Janie and Jack Sleeveless Tops in black Color and 12-18M Size,37036,6963.14,3500.52,4135.35,2022-11-05 05:15:28.676867687
SKU0017089,Kids,FSHN0MC003,New Born Clothing,FSHN0SC0KDS004,Tops & Bodysuits,1219,Janie and Jack,2201,Janie and Jack Tops & Bodysuits,12192201,multicolor,9-12 months,This is Janie and Jack Tops & Bodysuits in multicolor Color and 9-12 months Size,37045,3690.44,1990.12,2455.92,2022-10-17 16:00:41.476147615
SKU0017194,Kids,FSHN0MC003,New Born Clothing,FSHN0SC0KDS004,Tops & Bodysuits,1219,Janie and Jack,2201,Janie and Jack Tops & Bodysuits,12192201,orange,6-9 months,This is Janie and Jack Tops & Bodysuits in orange Color and 6-9 months Size,37146,5674.47,3829.33,4271.72,2023-01-25 12:39:31.917191720
SKU0017202,Kids,FSHN0MC003,New Born Clothing,FSHN0SC0KDS004,Tops & Bodysuits,1219,Janie and Jack,2201,Janie and Jack Tops & Bodysuits,12192201,blue,9-12 months,This is Janie and Jack Tops & Bodysuits in blue Color and 9-12 months Size,37154,5182.73,3170.71,3708.15,2022-09-03 17:00:49.900990099
SKU0017249,Kids,FSHN0MC003,Kids Footwear,FSHN0SC0KDS003,Boy Shoes,1139,Janie and Jack,2201,Janie and Jack Boy Shoes,11392201,multicolor,UK 6C,This is Janie and Jack Boy Shoes in multicolor Color and UK 6C Size,37200,4274.97,2339.57,2757.72,2022-09-14 20:56:59.189918992
SKU0017257,Kids,FSHN0MC003,Boys clothing,FSHN0SC0KDS001,Denim,1177,Janie and Jack,2201,Janie and Jack Denim,11772201,blue,10,This is Janie and Jack Denim in blue Color and 10 Size,37208,2541.68,1318.57,1458.07,2022-10-31 21:10:12.421242125
SKU0017296,Kids,FSHN0MC003,Boys clothing,FSHN0SC0KDS001,Pajamas,1179,Janie and Jack,2201,Janie and Jack Pajamas,11792201,blue,6-12M,This is Janie and Jack Pajamas in blue Color and 6-12M Size,37245,2413.05,1325.87,1347.4,2022-09-09 21:25:45.634563456
SKU0017355,Kids,FSHN0MC003,Girls clothing,FSHN0SC0KDS002,Hat,1225,Janie and Jack,2201,Janie and Jack Hat,12252201,pink,6,This is Janie and Jack Hat in pink Color and 6 Size,37301,6169.62,3285.05,4051.63,2022-10-12 00:04:24.410441044
SKU0017427,Kids,FSHN0MC003,Girls clothing,FSHN0SC0KDS002,Leggings,1251,Janie and Jack,2201,Janie and Jack Leggings,12512201,pink,10,This is Janie and Jack Leggings in pink Color and 10 Size,37365,3770.35,2521.75,3063.25,2023-01-16 23:26:18.037803782
SKU0017438,Kids,FSHN0MC003,New Born Clothing,FSHN0SC0KDS004,Pants & Overalls,1101,Janie and Jack,2201,Janie and Jack Pants & Overalls,11012201,multicolor,9-12 months,This is Janie and Jack Pants & Overalls in multicolor Color and 9-12 months Size,37376,2014.85,1081.76,1053.29,2022-12-19 21:59:12.043204322
SKU0017493,Kids,FSHN0MC003,Accessories,FSHN0SC0KDS005,Handbags,1199,Janie and Jack,2201,Janie and Jack Handbags,11992201,red,2+ years,This is Janie and Jack Handbags in red Color and 2+ years Size,37428,3664.79,2217.15,2108.58,2022-09-16 05:07:42.070207020
SKU0017520,Kids,FSHN0MC003,Kids Footwear,FSHN0SC0KDS003,Boy Shoes,1139,Janie and Jack,2201,Janie and Jack Boy Shoes,11392201,purple,UK 8C,This is Janie and Jack Boy Shoes in purple Color and UK 8C Size,37454,5622.14,3235.85,3436.11,2022-11-10 20:32:21.602160216
SKU0017548,Kids,FSHN0MC003,New Born Clothing,FSHN0SC0KDS004,Pants & Overalls,1101,Janie and Jack,2201,Janie and Jack Pants & Overalls,11012201,multicolor,9-12 months,This is Janie and Jack Pants & Overalls in multicolor Color and 9-12 months Size,37376,4813.03,2502.84,2788.66,2022-09-20 20:26:23.870387038
SKU0017587,Kids,FSHN0MC003,Boys clothing,FSHN0SC0KDS001,Corduroy,1245,Janie and Jack,2201,Janie and Jack Corduroy,12452201,multicolor,16,This is Janie and Jack Corduroy in multicolor Color and 16 Size,37515,3012.36,2107.06,2305.77,2022-09-27 21:12:47.956795679
SKU0017589,Kids,FSHN0MC003,Kids Footwear,FSHN0SC0KDS003,Newborn Shoes,1200,Janie and Jack,2201,Janie and Jack Newborn Shoes,12002201,red,UK 7C,This is Janie and Jack Newborn Shoes in red Color and UK 7C Size,37517,3755.87,2606.29,2570.04,2022-10-21 02:25:41.098109811
SKU0017736,Kids,FSHN0MC003,Girls clothing,FSHN0SC0KDS002,Swim & Cover-Ups,1114,Janie and Jack,2201,Janie and Jack Swim & Cover-Ups,11142201,yellow,6,This is Janie and Jack Swim & Cover-Ups in yellow Color and 6 Size,37650,6016.68,3960.47,4437.15,2022-09-28 20:51:17.011701170
SKU0017779,Kids,FSHN0MC003,New Born Clothing,FSHN0SC0KDS004,One-Pieces & Rompers,1106,Janie and Jack,2201,Janie and Jack One-Pieces & Rompers,11062201,red,0-3 months,This is Janie and Jack One-Pieces & Rompers in red Color and 0-3 months Size,37692,3944.52,2132.76,2571.51,2022-09-16 18:55:09.018901890
SKU0017800,Kids,FSHN0MC003,New Born Clothing,FSHN0SC0KDS004,Dresses & Sets,1125,Janie and Jack,2201,Janie and Jack Dresses & Sets,11252201,multicolor,9-12 months,This is Janie and Jack Dresses & Sets in multicolor Color and 9-12 months Size,37712,5326.54,3054.23,3781.46,2022-11-13 00:44:50.765076508
SKU0017840,Kids,FSHN0MC003,New Born Clothing,FSHN0SC0KDS004,Sweaters & Jackets,1205,Janie and Jack,2201,Janie and Jack Sweaters & Jackets,12052201,yellow,6-9 months,This is Janie and Jack Sweaters & Jackets in yellow Color and 6-9 months Size,37751,3655.52,1894.67,1936.94,2022-12-08 19:02:08.964896490
SKU0017858,Kids,FSHN0MC003,Kids Footwear,FSHN0SC0KDS003,Boy Shoes,1139,Janie and Jack,2201,Janie and Jack Boy Shoes,11392201,multicolor,UK 4C,This is Janie and Jack Boy Shoes in multicolor Color and UK 4C Size,37768,3520.0,2097.79,2354.91,2022-11-21 16:35:41.206120613
SKU0017915,Kids,FSHN0MC003,Boys clothing,FSHN0SC0KDS001,Dress Pants,1246,Janie and Jack,2201,Janie and Jack Dress Pants,12462201,gray,6,This is Janie and Jack Dress Pants in gray Color and 6 Size,37825,5133.11,2817.15,2994.73,2022-12-03 09:39:53.303330334
SKU0017922,Kids,FSHN0MC003,New Born Clothing,FSHN0SC0KDS004,Swim,1136,Janie and Jack,2201,Janie and Jack Swim,11362201,orange,0-3 months,This is Janie and Jack Swim in orange Color and 0-3 months Size,37832,6438.19,4137.39,5103.02,2022-10-07 18:56:26.786678668
SKU0018039,Kids,FSHN0MC003,Accessories,FSHN0SC0KDS005,Belts & Suspenders,1142,Janie and Jack,2201,Janie and Jack Belts & Suspenders,11422201,burgundy,4+ years,This is Janie and Jack Belts & Suspenders in burgundy Color and 4+ years Size,37941,3862.16,2110.25,2281.83,2022-11-21 20:51:48.118811882
SKU0018072,Kids,FSHN0MC003,New Born Clothing,FSHN0SC0KDS004,One-Pieces & Rompers,1106,Janie and Jack,2201,Janie and Jack One-Pieces & Rompers,11062201,blue,6-9 months,This is Janie and Jack One-Pieces & Rompers in blue Color and 6-9 months Size,37971,5471.36,3018.98,3648.79,2022-11-03 23:42:22.358235824
SKU0018242,Kids,FSHN0MC003,New Born Clothing,FSHN0SC0KDS004,Sweaters & Jackets,1205,Janie and Jack,2201,Janie and Jack Sweaters & Jackets,12052201,blue,12-15 months,This is Janie and Jack Sweaters & Jackets in blue Color and 12-15 months Size,38131,2037.67,1183.13,1433.5,2022-10-23 20:45:19.279927993
SKU0018268,Kids,FSHN0MC003,New Born Clothing,FSHN0SC0KDS004,Sets,1232,Janie and Jack,2201,Janie and Jack Sets,12322201,blue,0-3 months,This is Janie and Jack Sets in blue Color and 0-3 months Size,38156,6415.89,3262.32,3130.72,2022-11-24 23:23:58.055805581
SKU0018475,Kids,FSHN0MC003,Accessories,FSHN0SC0KDS005,Hair,1213,Janie and Jack,2201,Janie and Jack Hair,12132201,red,6-12 months,This is Janie and Jack Hair in red Color and 6-12 months Size,38343,3933.27,1973.36,1899.74,2023-01-09 05:35:26.300630064
SKU0018478,Kids,FSHN0MC003,New Born Clothing,FSHN0SC0KDS004,Tops & Bodysuits,1219,Janie and Jack,2201,Janie and Jack Tops & Bodysuits,12192201,orange,12-15 months,This is Janie and Jack Tops & Bodysuits in orange Color and 12-15 months Size,38346,5464.39,3001.32,3265.01,2022-12-18 01:39:32.565256526
SKU0018548,Kids,FSHN0MC003,New Born Clothing,FSHN0SC0KDS004,Pants & Overalls,1101,Janie and Jack,2201,Janie and Jack Pants & Overalls,11012201,pink,9-12 months,This is Janie and Jack Pants & Overalls in pink Color and 9-12 months Size,38412,3174.96,2087.26,2201.59,2022-12-12 02:10:07.884788479
SKU0018549,Kids,FSHN0MC003,Boys clothing,FSHN0SC0KDS001,Dress Pants,1246,Janie and Jack,2201,Janie and Jack Dress Pants,12462201,navy,12,This is Janie and Jack Dress Pants in navy Color and 12 Size,38413,3434.74,2081.07,2357.52,2022-12-05 17:48:47.308730874
SKU0018570,Kids,FSHN0MC003,Kids Footwear,FSHN0SC0KDS003,Newborn Shoes,1200,Janie and Jack,2201,Janie and Jack Newborn Shoes,12002201,black,UK 8C,This is Janie and Jack Newborn Shoes in black Color and UK 8C Size,38433,4190.57,2287.54,2232.81,2022-11-19 08:07:05.130513052
SKU0018605,Kids,FSHN0MC003,New Born Clothing,FSHN0SC0KDS004,One-Pieces & Rompers,1106,Janie and Jack,2201,Janie and Jack One-Pieces & Rompers,11062201,blue,12-15 months,This is Janie and Jack One-Pieces & Rompers in blue Color and 12-15 months Size,38465,6160.21,3725.85,4562.58,2022-11-14 05:38:32.943294330
SKU0018660,Kids,FSHN0MC003,Accessories,FSHN0SC0KDS005,Sunglasses,1132,Janie and Jack,2201,Janie and Jack Sunglasses,11322201,purple,8+ years,This is Janie and Jack Sunglasses in purple Color and 8+ years Size,38514,5229.53,2915.47,3058.1,2022-10-10 16:33:05.670567057
SKU0018687,Kids,FSHN0MC003,New Born Clothing,FSHN0SC0KDS004,Pants,1184,Janie and Jack,2201,Janie and Jack Pants,11842201,multicolor,12-15 months,This is Janie and Jack Pants in multicolor Color and 12-15 months Size,38536,6071.02,3485.19,4255.9,2023-01-24 18:16:15.985598560
SKU0018850,Kids,FSHN0MC003,New Born Clothing,FSHN0SC0KDS004,Swim,1136,Janie and Jack,2201,Janie and Jack Swim,11362201,yellow,9-12 months,This is Janie and Jack Swim in yellow Color and 9-12 months Size,38686,6728.45,3724.34,3953.4,2022-09-05 20:33:54.923492349
SKU0018858,Kids,FSHN0MC003,Boys clothing,FSHN0SC0KDS001,Sweaters & Sweatshirts,1253,Janie and Jack,2201,Janie and Jack Sweaters & Sweatshirts,12532201,orange,12,This is Janie and Jack Sweaters & Sweatshirts in orange Color and 12 Size,38694,4834.01,2795.6,2804.0,2022-12-30 18:41:55.787578758
SKU0018921,Kids,FSHN0MC003,New Born Clothing,FSHN0SC0KDS004,Tops & Bodysuits,1219,Janie and Jack,2201,Janie and Jack Tops & Bodysuits,12192201,yellow,9-12 months,This is Janie and Jack Tops & Bodysuits in yellow Color and 9-12 months Size,38751,4771.7,2974.02,3285.4,2023-01-12 15:40:43.852385240
SKU0018928,Kids,FSHN0MC003,Accessories,FSHN0SC0KDS005,Socks & Tights,1135,Janie and Jack,2201,Janie and Jack Socks & Tights,11352201,purple,12+ years,This is Janie and Jack Socks & Tights in purple Color and 12+ years Size,38758,2439.42,1552.77,1802.73,2022-09-13 08:30:09.396939694
SKU0018992,Kids,FSHN0MC003,Boys clothing,FSHN0SC0KDS001,Denim,1177,Janie and Jack,2201,Janie and Jack Denim,11772201,gray,14,This is Janie and Jack Denim in gray Color and 14 Size,38814,3095.3,1654.87,1832.98,2022-11-01 01:26:19.333933394
SKU0019006,Kids,FSHN0MC003,Accessories,FSHN0SC0KDS005,Ties,1151,Janie and Jack,2201,Janie and Jack Ties,11512201,green,6-12 months,This is Janie and Jack Ties in green Color and 6-12 months Size,38828,2558.84,1701.56,2045.9,2023-01-19 21:42:21.062106212
SKU0019045,Kids,FSHN0MC003,Girls clothing,FSHN0SC0KDS002,Rompers & Jumpsuits,1249,Janie and Jack,2201,Janie and Jack Rompers & Jumpsuits,12492201,purple,10,This is Janie and Jack Rompers & Jumpsuits in purple Color and 10 Size,38864,2552.08,1453.03,1787.41,2022-12-30 18:22:13.717371738
SKU0019083,Kids,FSHN0MC003,New Born Clothing,FSHN0SC0KDS004,Dresses & Sets,1125,Janie and Jack,2201,Janie and Jack Dresses & Sets,11252201,pink,12-15 months,This is Janie and Jack Dresses & Sets in pink Color and 12-15 months Size,35474,4839.31,2767.62,3205.93,2022-09-23 01:37:59.243924392
SKU0019091,Kids,FSHN0MC003,New Born Clothing,FSHN0SC0KDS004,Sweaters & Jackets,1205,Janie and Jack,2201,Janie and Jack Sweaters & Jackets,12052201,purple,0-3 months,This is Janie and Jack Sweaters & Jackets in purple Color and 0-3 months Size,38903,2067.35,1116.59,1193.26,2022-10-17 03:51:44.878487849
SKU0019102,Kids,FSHN0MC003,Kids Footwear,FSHN0SC0KDS003,Newborn Shoes,1200,Janie and Jack,2201,Janie and Jack Newborn Shoes,12002201,black,UK 7C,This is Janie and Jack Newborn Shoes in black Color and UK 7C Size,38913,4901.87,2601.83,3063.45,2023-01-26 07:22:29.918991900
SKU0019122,Kids,FSHN0MC003,Girls clothing,FSHN0SC0KDS002,Coat,1221,Janie and Jack,2201,Janie and Jack Coat,12212201,green,16,This is Janie and Jack Coat in green Color and 16 Size,38932,6296.51,3312.54,4048.24,2022-10-27 15:03:08.586858686
SKU0019156,Kids,FSHN0MC003,New Born Clothing,FSHN0SC0KDS004,One-Pieces & Rompers,1106,Janie and Jack,2201,Janie and Jack One-Pieces & Rompers,11062201,blue,3-6 months,This is Janie and Jack One-Pieces & Rompers in blue Color and 3-6 months Size,38961,4698.16,2817.43,3473.83,2022-11-11 12:18:00.972097210
SKU0019188,Kids,FSHN0MC003,Boys clothing,FSHN0SC0KDS001,Shorts,1193,Janie and Jack,2201,Janie and Jack Shorts,11932201,red,18,This is Janie and Jack Shorts in red Color and 18 Size,38992,3844.19,2482.77,2925.3,2023-01-07 15:10:24.086408642
SKU0019207,Kids,FSHN0MC003,Accessories,FSHN0SC0KDS005,"Hats, Scarves, & Gloves",1164,Janie and Jack,2201,"Janie and Jack Hats, Scarves, & Gloves",11642201,white,6+ years,"This is Janie and Jack Hats, Scarves, & Gloves in white Color and 6+ years Size",39009,3708.89,2352.5,2259.45,2022-09-17 03:27:22.844284428
SKU0019246,Kids,FSHN0MC003,New Born Clothing,FSHN0SC0KDS004,Dresses & Sets,1125,Janie and Jack,2201,Janie and Jack Dresses & Sets,11252201,yellow,9-12 months,This is Janie and Jack Dresses & Sets in yellow Color and 9-12 months Size,39042,5601.92,3653.29,4506.48,2023-01-07 01:03:15.067506752
SKU0019309,Kids,FSHN0MC003,Boys clothing,FSHN0SC0KDS001,Suiting,1215,Janie and Jack,2201,Janie and Jack Suiting,12152201,shaded,12-18M,This is Janie and Jack Suiting in shaded Color and 12-18M Size,39095,4768.96,2964.03,3077.99,2023-01-22 12:44:58.541854186
SKU0019379,Kids,FSHN0MC003,Boys clothing,FSHN0SC0KDS001,Suiting,1215,Janie and Jack,2201,Janie and Jack Suiting,12152201,navy,6,This is Janie and Jack Suiting in navy Color and 6 Size,39160,5114.95,3398.96,3699.02,2023-01-21 01:17:14.959495950
SKU0019403,Kids,FSHN0MC003,New Born Clothing,FSHN0SC0KDS004,Pants & Overalls,1101,Janie and Jack,2201,Janie and Jack Pants & Overalls,11012201,yellow,12-15 months,This is Janie and Jack Pants & Overalls in yellow Color and 12-15 months Size,39179,4293.98,2203.77,2436.87,2022-11-28 13:25:40.450045005
SKU0019406,Kids,FSHN0MC003,Girls clothing,FSHN0SC0KDS002,Rompers & Jumpsuits,1249,Janie and Jack,2201,Janie and Jack Rompers & Jumpsuits,12492201,blue,16,This is Janie and Jack Rompers & Jumpsuits in blue Color and 16 Size,39182,5331.06,2915.24,3606.36,2023-01-19 04:18:11.341134114
SKU0019462,Kids,FSHN0MC003,New Born Clothing,FSHN0SC0KDS004,Swim,1136,Janie and Jack,2201,Janie and Jack Swim,11362201,multicolor,9-12 months,This is Janie and Jack Swim in multicolor Color and 9-12 months Size,39230,3339.28,2119.29,2635.3,2022-12-20 02:54:43.096309632
SKU0019482,Kids,FSHN0MC003,Girls clothing,FSHN0SC0KDS002,Top,1241,Janie and Jack,2201,Janie and Jack Top,12412201,orange,10,This is Janie and Jack Top in orange Color and 10 Size,39248,2211.61,1436.79,1556.47,2022-10-25 10:11:15.283528353
SKU0019494,Kids,FSHN0MC003,Accessories,FSHN0SC0KDS005,Handbags,1199,Janie and Jack,2201,Janie and Jack Handbags,11992201,shaded,12-24 months,This is Janie and Jack Handbags in shaded Color and 12-24 months Size,39259,2492.92,1525.71,1455.75,2022-09-04 00:53:39.585958595
SKU0019528,Kids,FSHN0MC003,New Born Clothing,FSHN0SC0KDS004,Sets,1232,Janie and Jack,2201,Janie and Jack Sets,12322201,yellow,12-15 months,This is Janie and Jack Sets in yellow Color and 12-15 months Size,39289,4804.28,2533.51,2544.88,2022-11-28 01:16:43.852385239
SKU0019551,Kids,FSHN0MC003,New Born Clothing,FSHN0SC0KDS004,Sets,1232,Janie and Jack,2201,Janie and Jack Sets,12322201,red,12-15 months,This is Janie and Jack Sets in red Color and 12-15 months Size,39310,4970.04,3001.28,3160.0,2022-12-17 03:19:51.791179118
SKU0019578,Kids,FSHN0MC003,Kids Footwear,FSHN0SC0KDS003,Girl Shoes,1189,Janie and Jack,2201,Janie and Jack Girl Shoes,11892201,blue,UK 8C,This is Janie and Jack Girl Shoes in blue Color and UK 8C Size,39334,2639.68,1784.33,1902.32,2022-11-18 12:05:18.847884789
SKU0019626,Kids,FSHN0MC003,Kids Footwear,FSHN0SC0KDS003,Newborn Shoes,1200,Janie and Jack,2201,Janie and Jack Newborn Shoes,12002201,maroon,UK 7C,This is Janie and Jack Newborn Shoes in maroon Color and UK 7C Size,39373,6963.19,4384.98,5247.48,2022-12-30 14:45:30.945094510
SKU0019655,Kids,FSHN0MC003,New Born Clothing,FSHN0SC0KDS004,Sets,1232,Janie and Jack,2201,Janie and Jack Sets,12322201,orange,0-3 months,This is Janie and Jack Sets in orange Color and 0-3 months Size,35866,6966.97,4714.68,5651.05,2022-09-07 10:39:15.067506750
SKU0019682,Kids,FSHN0MC003,Girls clothing,FSHN0SC0KDS002,Jackets & Coats,1223,Janie and Jack,2201,Janie and Jack Jackets & Coats,12232201,purple,5,This is Janie and Jack Jackets & Coats in purple Color and 5 Size,39420,5763.78,3420.74,3580.35,2022-11-21 08:03:27.380738074
SKU0019746,Kids,FSHN0MC003,New Born Clothing,FSHN0SC0KDS004,Sets,1232,Janie and Jack,2201,Janie and Jack Sets,12322201,multicolor,3-6 months,This is Janie and Jack Sets in multicolor Color and 3-6 months Size,39474,3979.5,1994.97,1977.18,2022-10-03 08:33:16.039603960
SKU0019815,Kids,FSHN0MC003,New Born Clothing,FSHN0SC0KDS004,Pants & Overalls,1101,Janie and Jack,2201,Janie and Jack Pants & Overalls,11012201,blue,12-15 months,This is Janie and Jack Pants & Overalls in blue Color and 12-15 months Size,39535,5445.47,3418.57,3657.29,2023-01-25 20:52:03.672367238
SKU0019821,Kids,FSHN0MC003,Boys clothing,FSHN0SC0KDS001,Blazers & Vests,1103,Janie and Jack,2201,Janie and Jack Blazers & Vests,11032201,pink,14,This is Janie and Jack Blazers & Vests in pink Color and 14 Size,39541,2296.1,1456.0,1703.85,2022-09-22 12:10:14.365436543
SKU0019852,Kids,FSHN0MC003,Boys clothing,FSHN0SC0KDS001,Joggers,1198,Janie and Jack,2201,Janie and Jack Joggers,11982201,navy,18,This is Janie and Jack Joggers in navy Color and 18 Size,39572,2801.11,1675.26,2021.12,2022-12-12 22:51:18.307830784
SKU0019859,Kids,FSHN0MC003,Girls clothing,FSHN0SC0KDS002,Denim,1177,Janie and Jack,2201,Janie and Jack Denim,11772201,multicolor,8,This is Janie and Jack Denim in multicolor Color and 8 Size,39579,6589.98,4482.79,5041.79,2023-01-22 07:10:03.348334834
SKU0019874,Kids,FSHN0MC003,Kids Footwear,FSHN0SC0KDS003,Boy Shoes,1139,Janie and Jack,2201,Janie and Jack Boy Shoes,11392201,blue,UK 4C,This is Janie and Jack Boy Shoes in blue Color and UK 4C Size,39591,5114.73,3156.99,3047.93,2023-01-21 23:17:13.663366338
SKU0019892,Kids,FSHN0MC003,Accessories,FSHN0SC0KDS005,Sunglasses,1132,Janie and Jack,2201,Janie and Jack Sunglasses,11322201,red,2+ years,This is Janie and Jack Sunglasses in red Color and 2+ years Size,39607,5537.87,3548.22,3980.26,2022-11-18 18:59:02.322232224
SKU0019946,Kids,FSHN0MC003,Kids Footwear,FSHN0SC0KDS003,Boy Shoes,1139,Janie and Jack,2201,Janie and Jack Boy Shoes,11392201,purple,UK 3C,This is Janie and Jack Boy Shoes in purple Color and UK 3C Size,39657,4928.44,2755.23,2970.62,2022-09-17 06:44:23.546354635
SKU0020004,Kids,FSHN0MC003,Kids Footwear,FSHN0SC0KDS003,Girl Shoes,1189,Janie and Jack,2201,Janie and Jack Girl Shoes,11892201,purple,UK 2C,This is Janie and Jack Girl Shoes in purple Color and UK 2C Size,39706,6796.06,3480.42,4349.05,2023-01-17 14:12:51.197119712
SKU0020018,Kids,FSHN0MC003,New Born Clothing,FSHN0SC0KDS004,Sets,1232,Janie and Jack,2201,Janie and Jack Sets,12322201,pink,12-15 months,This is Janie and Jack Sets in pink Color and 12-15 months Size,39719,2427.41,1318.0,1640.62,2022-12-30 06:52:41.260126014
SKU0020034,Kids,FSHN0MC003,New Born Clothing,FSHN0SC0KDS004,Sets,1232,Janie and Jack,2201,Janie and Jack Sets,12322201,red,12-15 months,This is Janie and Jack Sets in red Color and 12-15 months Size,39310,5145.67,3439.85,4159.48,2022-11-05 18:23:31.485148515
SKU0020132,Kids,FSHN0MC003,Accessories,FSHN0SC0KDS005,Ties,1151,Janie and Jack,2201,Janie and Jack Ties,11512201,purple,6+ years,This is Janie and Jack Ties in purple Color and 6+ years Size,39817,4781.05,2491.21,3016.68,2022-10-07 18:36:44.716471647
SKU0020159,Kids,FSHN0MC003,New Born Clothing,FSHN0SC0KDS004,Tops & Bodysuits,1219,Janie and Jack,2201,Janie and Jack Tops & Bodysuits,12192201,blue,12-15 months,This is Janie and Jack Tops & Bodysuits in blue Color and 12-15 months Size,39841,4130.22,2102.89,2330.03,2022-10-21 01:06:52.817281728
SKU0020245,Kids,FSHN0MC003,Kids Footwear,FSHN0SC0KDS003,Girl Shoes,1189,Janie and Jack,2201,Janie and Jack Girl Shoes,11892201,maroon,UK 4C,This is Janie and Jack Girl Shoes in maroon Color and UK 4C Size,39924,6440.84,3862.5,4518.61,2023-01-28 10:16:10.801080108
SKU0020271,Kids,FSHN0MC003,New Born Clothing,FSHN0SC0KDS004,Swim,1136,Janie and Jack,2201,Janie and Jack Swim,11362201,red,3-6 months,This is Janie and Jack Swim in red Color and 3-6 months Size,39947,2938.48,1480.8,1613.88,2022-11-05 02:57:34.185418542
SKU0020279,Kids,FSHN0MC003,New Born Clothing,FSHN0SC0KDS004,Sweaters & Jackets,1205,Janie and Jack,2201,Janie and Jack Sweaters & Jackets,12052201,yellow,12-15 months,This is Janie and Jack Sweaters & Jackets in yellow Color and 12-15 months Size,39954,6111.33,3967.48,4112.73,2022-10-14 22:20:27.434743474
SKU0020284,Kids,FSHN0MC003,Girls clothing,FSHN0SC0KDS002,Swim & Cover-Ups,1114,Janie and Jack,2201,Janie and Jack Swim & Cover-Ups,11142201,red,18,This is Janie and Jack Swim & Cover-Ups in red Color and 18 Size,39958,5587.66,3615.49,4113.15,2023-01-07 11:53:23.384338434
SKU0020310,Kids,FSHN0MC003,Accessories,FSHN0SC0KDS005,Handbags,1199,Janie and Jack,2201,Janie and Jack Handbags,11992201,pink,6+ years,This is Janie and Jack Handbags in pink Color and 6+ years Size,39982,3727.99,1963.44,2023.24,2022-09-18 17:13:00.918091809
SKU0020324,Kids,FSHN0MC003,New Born Clothing,FSHN0SC0KDS004,Swim,1136,Janie and Jack,2201,Janie and Jack Swim,11362201,orange,12-15 months,This is Janie and Jack Swim in orange Color and 12-15 months Size,39994,5334.23,2855.75,3434.03,2022-09-04 03:50:58.217821782
SKU0020330,Kids,FSHN0MC003,New Born Clothing,FSHN0SC0KDS004,Sets,1232,Janie and Jack,2201,Janie and Jack Sets,12322201,red,6-9 months,This is Janie and Jack Sets in red Color and 6-9 months Size,40000,3913.06,1977.82,2285.62,2022-09-28 07:43:14.203420342
SKU0020337,Kids,FSHN0MC003,Boys clothing,FSHN0SC0KDS001,Suiting,1215,Janie and Jack,2201,Janie and Jack Suiting,12152201,red,8,This is Janie and Jack Suiting in red Color and 8 Size,40006,5217.61,2888.64,3044.69,2022-12-14 18:11:51.575157516
SKU0020356,Kids,FSHN0MC003,New Born Clothing,FSHN0SC0KDS004,Sweaters & Jackets,1205,Janie and Jack,2201,Janie and Jack Sweaters & Jackets,12052201,black,0-3 months,This is Janie and Jack Sweaters & Jackets in black Color and 0-3 months Size,40022,6557.18,3436.83,3378.57,2022-12-08 02:37:05.454545455
SKU0020379,Kids,FSHN0MC003,New Born Clothing,FSHN0SC0KDS004,Tops & Bodysuits,1219,Janie and Jack,2201,Janie and Jack Tops & Bodysuits,12192201,maroon,9-12 months,This is Janie and Jack Tops & Bodysuits in maroon Color and 9-12 months Size,40040,3444.05,2144.37,2267.16,2022-09-11 14:48:06.480648064
SKU0020495,Kids,FSHN0MC003,New Born Clothing,FSHN0SC0KDS004,Sweaters & Jackets,1205,Janie and Jack,2201,Janie and Jack Sweaters & Jackets,12052201,pink,3-6 months,This is Janie and Jack Sweaters & Jackets in pink Color and 3-6 months Size,40142,2332.07,1188.22,1173.27,2022-11-12 06:21:34.833483349
SKU0020534,Kids,FSHN0MC003,Girls clothing,FSHN0SC0KDS002,Short Sleeve Tops,1247,Janie and Jack,2201,Janie and Jack Short Sleeve Tops,12472201,gray,6-12M,This is Janie and Jack Short Sleeve Tops in gray Color and 6-12M Size,40179,5098.76,2912.94,3262.58,2022-12-19 04:15:20.252025204
SKU0020542,Kids,FSHN0MC003,Girls clothing,FSHN0SC0KDS002,Pants,1184,Janie and Jack,2201,Janie and Jack Pants,11842201,orange,3,This is Janie and Jack Pants in orange Color and 3 Size,40187,3286.97,2084.79,2522.35,2023-01-06 08:57:53.627362738
SKU0020546,Kids,FSHN0MC003,Accessories,FSHN0SC0KDS005,Hair,1213,Janie and Jack,2201,Janie and Jack Hair,12132201,white,12-24 months,This is Janie and Jack Hair in white Color and 12-24 months Size,40191,4649.05,2602.58,3153.43,2022-11-20 12:21:23.168316832
SKU0020557,Kids,FSHN0MC003,Girls clothing,FSHN0SC0KDS002,Jackets & Coats,1223,Janie and Jack,2201,Janie and Jack Jackets & Coats,12232201,red,6,This is Janie and Jack Jackets & Coats in red Color and 6 Size,40201,2360.61,1266.83,1454.96,2022-12-01 09:43:31.053105311
SKU0020584,Kids,FSHN0MC003,Accessories,FSHN0SC0KDS005,Hair,1213,Janie and Jack,2201,Janie and Jack Hair,12132201,blue,2+ years,This is Janie and Jack Hair in blue Color and 2+ years Size,40224,3656.53,2400.63,2976.32,2022-12-28 00:41:59.675967598
SKU0020596,Kids,FSHN0MC003,Girls clothing,FSHN0SC0KDS002,Pants,1184,Janie and Jack,2201,Janie and Jack Pants,11842201,green,10,This is Janie and Jack Pants in green Color and 10 Size,40236,5510.22,3444.36,3618.05,2022-09-27 03:48:38.235823582
SKU0020626,Kids,FSHN0MC003,Accessories,FSHN0SC0KDS005,"Hats, Scarves, & Gloves",1164,Janie and Jack,2201,"Janie and Jack Hats, Scarves, & Gloves",11642201,multicolor,8+ years,"This is Janie and Jack Hats, Scarves, & Gloves in multicolor Color and 8+ years Size",40265,4911.61,2496.46,2383.22,2023-01-07 14:30:59.945994600
SKU0020668,Kids,FSHN0MC003,New Born Clothing,FSHN0SC0KDS004,Tops & Bodysuits,1219,Janie and Jack,2201,Janie and Jack Tops & Bodysuits,12192201,blue,3-6 months,This is Janie and Jack Tops & Bodysuits in blue Color and 3-6 months Size,40301,6422.08,3308.25,3871.71,2023-01-07 04:20:15.769576958
SKU0020728,Kids,FSHN0MC003,Accessories,FSHN0SC0KDS005,Ties,1151,Janie and Jack,2201,Janie and Jack Ties,11512201,yellow,4+ years,This is Janie and Jack Ties in yellow Color and 4+ years Size,40355,4585.37,2678.88,2609.27,2022-11-16 22:39:22.844284429
SKU0020739,Kids,FSHN0MC003,Kids Footwear,FSHN0SC0KDS003,Newborn Shoes,1200,Janie and Jack,2201,Janie and Jack Newborn Shoes,12002201,red,UK 4C,This is Janie and Jack Newborn Shoes in red Color and UK 4C Size,40364,5344.02,2862.7,3287.04,2022-09-26 18:17:18.199819982
SKU0020757,Kids,FSHN0MC003,New Born Clothing,FSHN0SC0KDS004,Swim,1136,Janie and Jack,2201,Janie and Jack Swim,11362201,pink,6-9 months,This is Janie and Jack Swim in pink Color and 6-9 months Size,40382,4408.01,2949.51,2926.49,2023-01-02 03:30:13.933393340
SKU0020773,Kids,FSHN0MC003,Girls clothing,FSHN0SC0KDS002,Long Sleeve Tops,1248,Janie and Jack,2201,Janie and Jack Long Sleeve Tops,12482201,multicolor,8,This is Janie and Jack Long Sleeve Tops in multicolor Color and 8 Size,40396,5341.25,3077.74,3704.38,2023-01-23 12:43:09.666966698
SKU0020793,Kids,FSHN0MC003,New Born Clothing,FSHN0SC0KDS004,Swim,1136,Janie and Jack,2201,Janie and Jack Swim,11362201,yellow,9-12 months,This is Janie and Jack Swim in yellow Color and 9-12 months Size,38686,5229.69,3220.57,3412.46,2022-11-28 15:04:10.801080109
SKU0020834,Kids,FSHN0MC003,Accessories,FSHN0SC0KDS005,Hair,1213,Janie and Jack,2201,Janie and Jack Hair,12132201,yellow,8+ years,This is Janie and Jack Hair in yellow Color and 8+ years Size,40448,6502.6,3650.28,3930.02,2022-11-17 09:49:13.231323133
SKU0020837,Kids,FSHN0MC003,Boys clothing,FSHN0SC0KDS001,Suiting,1215,Janie and Jack,2201,Janie and Jack Suiting,12152201,black,5,This is Janie and Jack Suiting in black Color and 5 Size,40451,3423.5,1914.71,2183.1,2022-09-16 22:51:33.861386138
SKU0020882,Kids,FSHN0MC003,Girls clothing,FSHN0SC0KDS002,Scarf,1238,Janie and Jack,2201,Janie and Jack Scarf,12382201,gray,2T,This is Janie and Jack Scarf in gray Color and 2T Size,40489,2757.99,1648.89,1988.15,2022-11-21 17:34:47.416741675
SKU0020939,Kids,FSHN0MC003,New Born Clothing,FSHN0SC0KDS004,Pants,1184,Janie and Jack,2201,Janie and Jack Pants,11842201,pink,12-15 months,This is Janie and Jack Pants in pink Color and 12-15 months Size,40539,4844.36,2590.83,2669.15,2022-12-15 21:27:03.402340234
SKU0020944,Kids,FSHN0MC003,Girls clothing,FSHN0SC0KDS002,Sleeveless Tops,1252,Janie and Jack,2201,Janie and Jack Sleeveless Tops,12522201,orange,16,This is Janie and Jack Sleeveless Tops in orange Color and 16 Size,40543,3074.11,1767.36,1960.3,2022-09-07 17:52:40.612061206
SKU0020995,Kids,FSHN0MC003,Girls clothing,FSHN0SC0KDS002,Rompers & Jumpsuits,1249,Janie and Jack,2201,Janie and Jack Rompers & Jumpsuits,12492201,orange,5,This is Janie and Jack Rompers & Jumpsuits in orange Color and 5 Size,40585,3312.81,2231.04,2507.25,2022-11-26 00:21:15.391539154
SKU0021009,Kids,FSHN0MC003,Girls clothing,FSHN0SC0KDS002,Gloves,1250,Janie and Jack,2201,Janie and Jack Gloves,12502201,red,16,This is Janie and Jack Gloves in red Color and 16 Size,40596,4316.06,2604.8,2533.43,2023-01-12 14:41:37.641764178
SKU0021049,Kids,FSHN0MC003,New Born Clothing,FSHN0SC0KDS004,Dresses & Sets,1125,Janie and Jack,2201,Janie and Jack Dresses & Sets,11252201,red,12-15 months,This is Janie and Jack Dresses & Sets in red Color and 12-15 months Size,40628,3897.83,1970.58,1905.88,2022-10-06 09:46:37.695769577
SKU0021057,Kids,FSHN0MC003,New Born Clothing,FSHN0SC0KDS004,Tops & Bodysuits,1219,Janie and Jack,2201,Janie and Jack Tops & Bodysuits,12192201,maroon,0-3 months,This is Janie and Jack Tops & Bodysuits in maroon Color and 0-3 months Size,40636,5589.3,3394.78,3640.0,2022-10-19 15:57:03.726372637
SKU0021098,Kids,FSHN0MC003,New Born Clothing,FSHN0SC0KDS004,Swim,1136,Janie and Jack,2201,Janie and Jack Swim,11362201,orange,6-9 months,This is Janie and Jack Swim in orange Color and 6-9 months Size,40673,2452.31,1365.55,1482.15,2022-12-24 19:12:31.107110712
SKU0021245,Kids,FSHN0MC003,New Born Clothing,FSHN0SC0KDS004,Tops & Bodysuits,1219,Janie and Jack,2201,Janie and Jack Tops & Bodysuits,12192201,white,3-6 months,This is Janie and Jack Tops & Bodysuits in white Color and 3-6 months Size,40797,2509.95,1722.48,2143.27,2022-10-26 04:14:49.144914492
SKU0021265,Kids,FSHN0MC003,Accessories,FSHN0SC0KDS005,Ties,1151,Janie and Jack,2201,Janie and Jack Ties,11512201,gray,12-24 months,This is Janie and Jack Ties in gray Color and 12-24 months Size,40814,3082.43,1816.78,1901.98,2022-10-17 02:32:56.597659766
SKU0021302,Kids,FSHN0MC003,New Born Clothing,FSHN0SC0KDS004,Sets,1232,Janie and Jack,2201,Janie and Jack Sets,12322201,maroon,9-12 months,This is Janie and Jack Sets in maroon Color and 9-12 months Size,40848,5765.47,3467.85,3766.29,2022-12-29 21:41:03.294329434
SKU0021320,Kids,FSHN0MC003,New Born Clothing,FSHN0SC0KDS004,Pants,1184,Janie and Jack,2201,Janie and Jack Pants,11842201,white,3-6 months,This is Janie and Jack Pants in white Color and 3-6 months Size,40863,4189.96,2861.3,3184.23,2022-09-05 23:50:55.625562556
SKU0021345,Kids,FSHN0MC003,Girls clothing,FSHN0SC0KDS002,Leggings,1251,Janie and Jack,2201,Janie and Jack Leggings,12512201,multicolor,8,This is Janie and Jack Leggings in multicolor Color and 8 Size,40886,6458.13,4278.23,4488.51,2022-10-22 13:53:24.680468047
SKU0021346,Kids,FSHN0MC003,Boys clothing,FSHN0SC0KDS001,Polos,1185,Janie and Jack,2201,Janie and Jack Polos,11852201,gray,18,This is Janie and Jack Polos in gray Color and 18 Size,40887,5760.62,3270.02,3512.93,2023-01-11 12:25:32.025202522
SKU0021368,Kids,FSHN0MC003,Girls clothing,FSHN0SC0KDS002,Coat,1221,Janie and Jack,2201,Janie and Jack Coat,12212201,shaded,18,This is Janie and Jack Coat in shaded Color and 18 Size,40906,5490.04,3430.73,3592.11,2022-10-23 08:16:40.612061206
SKU0021449,Kids,FSHN0MC003,Girls clothing,FSHN0SC0KDS002,Leggings,1251,Janie and Jack,2201,Janie and Jack Leggings,12512201,pink,2T,This is Janie and Jack Leggings in pink Color and 2T Size,40968,5459.18,3064.01,3391.88,2022-11-19 07:47:23.060306031
SKU0021468,Kids,FSHN0MC003,Girls clothing,FSHN0SC0KDS002,Short Sleeve Tops,1247,Janie and Jack,2201,Janie and Jack Short Sleeve Tops,12472201,yellow,10,This is Janie and Jack Short Sleeve Tops in yellow Color and 10 Size,40985,3279.99,1849.3,2093.22,2022-11-18 23:15:09.234923493
SKU0021615,Kids,FSHN0MC003,Girls clothing,FSHN0SC0KDS002,Short Sleeve Tops,1247,Janie and Jack,2201,Janie and Jack Short Sleeve Tops,12472201,multicolor,4,This is Janie and Jack Short Sleeve Tops in multicolor Color and 4 Size,41110,4415.63,2511.92,2530.25,2022-11-08 04:50:19.981998200
SKU0021621,Kids,FSHN0MC003,Accessories,FSHN0SC0KDS005,Belts & Suspenders,1142,Janie and Jack,2201,Janie and Jack Belts & Suspenders,11422201,pink,6-12 months,This is Janie and Jack Belts & Suspenders in pink Color and 6-12 months Size,41115,6301.4,3521.63,3964.4,2022-11-04 14:28:55.517551756
SKU0021648,Kids,FSHN0MC003,New Born Clothing,FSHN0SC0KDS004,Pants & Overalls,1101,Janie and Jack,2201,Janie and Jack Pants & Overalls,11012201,white,3-6 months,This is Janie and Jack Pants & Overalls in white Color and 3-6 months Size,41137,2520.14,1560.42,1758.41,2022-12-15 07:39:36.453645366
SKU0021666,Kids,FSHN0MC003,New Born Clothing,FSHN0SC0KDS004,One-Pieces & Rompers,1106,Janie and Jack,2201,Janie and Jack One-Pieces & Rompers,11062201,orange,3-6 months,This is Janie and Jack One-Pieces & Rompers in orange Color and 3-6 months Size,41151,2556.33,1429.91,1451.96,2022-09-07 06:23:08.154815481
SKU0021683,Kids,FSHN0MC003,Girls clothing,FSHN0SC0KDS002,Top,1241,Janie and Jack,2201,Janie and Jack Top,12412201,gray,5,This is Janie and Jack Top in gray Color and 5 Size,41164,3183.97,2011.37,2330.61,2022-11-01 17:51:22.844284429
SKU0021698,Kids,FSHN0MC003,Boys clothing,FSHN0SC0KDS001,Dress Pants,1246,Janie and Jack,2201,Janie and Jack Dress Pants,12462201,white,18,This is Janie and Jack Dress Pants in white Color and 18 Size,41175,5984.92,4122.21,4347.98,2022-09-18 06:03:10.531053105
SKU0021704,Kids,FSHN0MC003,Accessories,FSHN0SC0KDS005,Hair,1213,Janie and Jack,2201,Janie and Jack Hair,12132201,red,6-12 months,This is Janie and Jack Hair in red Color and 6-12 months Size,38343,2033.28,1148.23,1132.19,2022-12-16 20:45:50.387038704
SKU0021730,Kids,FSHN0MC003,Accessories,FSHN0SC0KDS005,Socks & Tights,1135,Janie and Jack,2201,Janie and Jack Socks & Tights,11352201,blue,8+ years,This is Janie and Jack Socks & Tights in blue Color and 8+ years Size,41203,3404.82,1733.59,1860.33,2023-01-25 01:49:23.600360036
SKU0021833,Kids,FSHN0MC003,Boys clothing,FSHN0SC0KDS001,Polos,1185,Janie and Jack,2201,Janie and Jack Polos,11852201,purple,6,This is Janie and Jack Polos in purple Color and 6 Size,41285,6430.72,3860.48,4593.84,2022-10-23 17:28:18.577857786
SKU0021947,Kids,FSHN0MC003,Boys clothing,FSHN0SC0KDS001,Denim,1177,Janie and Jack,2201,Janie and Jack Denim,11772201,blue,18,This is Janie and Jack Denim in blue Color and 18 Size,41389,6731.83,4539.64,5397.62,2022-10-26 21:58:40.936093610
SKU0021969,Kids,FSHN0MC003,Accessories,FSHN0SC0KDS005,Sunglasses,1132,Janie and Jack,2201,Janie and Jack Sunglasses,11322201,red,12-24 months,This is Janie and Jack Sunglasses in red Color and 12-24 months Size,41408,6442.66,3511.44,3441.97,2022-09-02 10:08:55.301530153
SKU0021994,Kids,FSHN0MC003,New Born Clothing,FSHN0SC0KDS004,Dresses & Sets,1125,Janie and Jack,2201,Janie and Jack Dresses & Sets,11252201,red,12-15 months,This is Janie and Jack Dresses & Sets in red Color and 12-15 months Size,40628,5480.48,2953.87,2915.46,2022-09-21 01:41:36.993699370
SKU0021998,Kids,FSHN0MC003,Accessories,FSHN0SC0KDS005,Belts & Suspenders,1142,Janie and Jack,2201,Janie and Jack Belts & Suspenders,11422201,purple,0-6 months,This is Janie and Jack Belts & Suspenders in purple Color and 0-6 months Size,41432,3239.96,2097.87,2060.13,2023-01-18 11:13:43.690369038
SKU0022074,Kids,FSHN0MC003,Girls clothing,FSHN0SC0KDS002,Swim & Cover-Ups,1114,Janie and Jack,2201,Janie and Jack Swim & Cover-Ups,11142201,beige,16,This is Janie and Jack Swim & Cover-Ups in beige Color and 16 Size,41493,4694.51,3136.7,3191.79,2022-11-07 03:53:02.646264627
SKU0022084,Kids,FSHN0MC003,Kids Footwear,FSHN0SC0KDS003,Boy Shoes,1139,Janie and Jack,2201,Janie and Jack Boy Shoes,11392201,white,UK 2C,This is Janie and Jack Boy Shoes in white Color and UK 2C Size,41501,3014.28,1510.82,1711.06,2022-09-04 06:48:16.849684968
SKU0022167,Kids,FSHN0MC003,New Born Clothing,FSHN0SC0KDS004,Swim,1136,Janie and Jack,2201,Janie and Jack Swim,11362201,purple,3-6 months,This is Janie and Jack Swim in purple Color and 3-6 months Size,41577,2229.53,1153.66,1295.65,2023-01-20 01:58:27.974797480
SKU0022221,Kids,FSHN0MC003,New Born Clothing,FSHN0SC0KDS004,Swim,1136,Janie and Jack,2201,Janie and Jack Swim,11362201,yellow,9-12 months,This is Janie and Jack Swim in yellow Color and 9-12 months Size,38686,6546.86,4043.59,4044.45,2023-01-11 05:12:06.480648066
SKU0022233,Kids,FSHN0MC003,Accessories,FSHN0SC0KDS005,Ties,1151,Janie and Jack,2201,Janie and Jack Ties,11512201,orange,8+ years,This is Janie and Jack Ties in orange Color and 8+ years Size,41630,5060.12,3421.89,4225.7,2022-09-03 02:14:16.741674167
SKU0022349,Kids,FSHN0MC003,New Born Clothing,FSHN0SC0KDS004,Tops & Bodysuits,1219,Janie and Jack,2201,Janie and Jack Tops & Bodysuits,12192201,pink,12-15 months,This is Janie and Jack Tops & Bodysuits in pink Color and 12-15 months Size,41722,6136.92,3756.19,4389.54,2022-12-28 06:36:36.939693970
SKU0022464,Kids,FSHN0MC003,Accessories,FSHN0SC0KDS005,Handbags,1199,Janie and Jack,2201,Janie and Jack Handbags,11992201,red,8+ years,This is Janie and Jack Handbags in red Color and 8+ years Size,41822,5805.04,3717.48,4221.42,2023-01-25 00:50:17.389738974
SKU0022470,Kids,FSHN0MC003,New Born Clothing,FSHN0SC0KDS004,Tops & Bodysuits,1219,Janie and Jack,2201,Janie and Jack Tops & Bodysuits,12192201,red,0-3 months,This is Janie and Jack Tops & Bodysuits in red Color and 0-3 months Size,41828,4042.33,2485.25,2597.78,2022-12-23 17:35:49.630963096
SKU0022486,Kids,FSHN0MC003,Girls clothing,FSHN0SC0KDS002,Swim & Cover-Ups,1114,Janie and Jack,2201,Janie and Jack Swim & Cover-Ups,11142201,yellow,6-12M,This is Janie and Jack Swim & Cover-Ups in yellow Color and 6-12M Size,41841,6000.27,3023.6,3491.77,2022-11-26 17:45:25.112511252
SKU0022548,Kids,FSHN0MC003,Boys clothing,FSHN0SC0KDS001,Chinos,1194,Janie and Jack,2201,Janie and Jack Chinos,11942201,blue,6,This is Janie and Jack Chinos in blue Color and 6 Size,41888,3791.6,2400.78,2506.81,2022-10-07 08:45:42.610261026
SKU0022581,Kids,FSHN0MC003,New Born Clothing,FSHN0SC0KDS004,Pants,1184,Janie and Jack,2201,Janie and Jack Pants,11842201,pink,6-9 months,This is Janie and Jack Pants in pink Color and 6-9 months Size,41920,3932.38,2490.15,2674.53,2022-12-03 08:21:05.022502251
SKU0022608,Kids,FSHN0MC003,New Born Clothing,FSHN0SC0KDS004,Dresses & Sets,1125,Janie and Jack,2201,Janie and Jack Dresses & Sets,11252201,multicolor,3-6 months,This is Janie and Jack Dresses & Sets in multicolor Color and 3-6 months Size,41943,4387.06,2880.92,2903.25,2022-10-12 10:34:50.657065707
SKU0022665,Kids,FSHN0MC003,Girls clothing,FSHN0SC0KDS002,Swim & Cover-Ups,1114,Janie and Jack,2201,Janie and Jack Swim & Cover-Ups,11142201,green,3,This is Janie and Jack Swim & Cover-Ups in green Color and 3 Size,41991,3298.48,2196.22,2664.69,2022-10-04 05:53:50.603060306
SKU0022673,Kids,FSHN0MC003,Girls clothing,FSHN0SC0KDS002,Short Sleeve Tops,1247,Janie and Jack,2201,Janie and Jack Short Sleeve Tops,12472201,blue,7,This is Janie and Jack Short Sleeve Tops in blue Color and 7 Size,41999,2621.03,1391.9,1532.23,2022-11-16 21:59:58.703870387
SKU0022782,Kids,FSHN0MC003,Girls clothing,FSHN0SC0KDS002,Swim & Cover-Ups,1114,Janie and Jack,2201,Janie and Jack Swim & Cover-Ups,11142201,yellow,5,This is Janie and Jack Swim & Cover-Ups in yellow Color and 5 Size,42087,3317.51,1931.85,1908.14,2022-09-08 17:50:51.737173717
SKU0022788,Kids,FSHN0MC003,New Born Clothing,FSHN0SC0KDS004,Dresses & Sets,1125,Janie and Jack,2201,Janie and Jack Dresses & Sets,11252201,red,9-12 months,This is Janie and Jack Dresses & Sets in red Color and 9-12 months Size,42093,4345.51,2834.59,2895.15,2022-11-13 13:33:11.503150315
SKU0022860,Kids,FSHN0MC003,Girls clothing,FSHN0SC0KDS002,Leggings,1251,Janie and Jack,2201,Janie and Jack Leggings,12512201,black,2T,This is Janie and Jack Leggings in black Color and 2T Size,42159,6049.15,4110.4,4851.41,2022-10-05 06:11:43.798379838
SKU0022941,Kids,FSHN0MC003,New Born Clothing,FSHN0SC0KDS004,Sets,1232,Janie and Jack,2201,Janie and Jack Sets,12322201,red,3-6 months,This is Janie and Jack Sets in red Color and 3-6 months Size,42225,2542.45,1476.18,1691.7,2022-10-10 12:36:40.828082808
SKU0022948,Kids,FSHN0MC003,Girls clothing,FSHN0SC0KDS002,Leggings,1251,Janie and Jack,2201,Janie and Jack Leggings,12512201,green,5,This is Janie and Jack Leggings in green Color and 5 Size,42229,2151.14,1422.07,1568.09,2023-01-06 01:44:28.082808282
SKU0022950,Kids,FSHN0MC003,Girls clothing,FSHN0SC0KDS002,Dresses,1237,Janie and Jack,2201,Janie and Jack Dresses,12372201,burgundy,7,This is Janie and Jack Dresses in burgundy Color and 7 Size,42231,5191.69,2907.4,3364.73,2022-12-10 01:14:39.423942395
SKU0022964,Kids,FSHN0MC003,Boys clothing,FSHN0SC0KDS001,Tees,1231,Janie and Jack,2201,Janie and Jack Tees,12312201,purple,18,This is Janie and Jack Tees in purple Color and 18 Size,42243,2359.02,1483.18,1696.02,2022-09-08 14:33:51.035103510
SKU0022990,Kids,FSHN0MC003,New Born Clothing,FSHN0SC0KDS004,Pants & Overalls,1101,Janie and Jack,2201,Janie and Jack Pants & Overalls,11012201,pink,12-15 months,This is Janie and Jack Pants & Overalls in pink Color and 12-15 months Size,42263,5776.82,3097.42,3789.88,2022-12-03 00:47:57.407740775
SKU0023070,Kids,FSHN0MC003,New Born Clothing,FSHN0SC0KDS004,Sets,1232,Janie and Jack,2201,Janie and Jack Sets,12322201,orange,3-6 months,This is Janie and Jack Sets in orange Color and 3-6 months Size,42329,3598.82,2168.7,2486.6,2022-12-28 09:14:13.501350136
SKU0023075,Kids,FSHN0MC003,Accessories,FSHN0SC0KDS005,"Hats, Scarves, & Gloves",1164,Janie and Jack,2201,"Janie and Jack Hats, Scarves, & Gloves",11642201,white,12-24 months,"This is Janie and Jack Hats, Scarves, & Gloves in white Color and 12-24 months Size",42334,6559.3,4026.29,4443.38,2022-12-21 05:50:12.853285330
SKU0023099,Kids,FSHN0MC003,Girls clothing,FSHN0SC0KDS002,Coat,1221,Janie and Jack,2201,Janie and Jack Coat,12212201,navy,6,This is Janie and Jack Coat in navy Color and 6 Size,42354,3278.04,1738.69,2060.73,2022-11-21 12:19:34.293429343
SKU0023138,Kids,FSHN0MC003,Accessories,FSHN0SC0KDS005,Hair,1213,Janie and Jack,2201,Janie and Jack Hair,12132201,multicolor,12-24 months,This is Janie and Jack Hair in multicolor Color and 12-24 months Size,42386,6780.8,3637.76,4153.59,2022-11-07 10:46:46.120612062
SKU0023218,Kids,FSHN0MC003,Accessories,FSHN0SC0KDS005,Socks & Tights,1135,Janie and Jack,2201,Janie and Jack Socks & Tights,11352201,burgundy,4+ years,This is Janie and Jack Socks & Tights in burgundy Color and 4+ years Size,42448,5290.17,3429.78,3846.85,2022-10-19 16:36:27.866786679
SKU0023234,Kids,FSHN0MC003,New Born Clothing,FSHN0SC0KDS004,One-Pieces & Rompers,1106,Janie and Jack,2201,Janie and Jack One-Pieces & Rompers,11062201,blue,0-3 months,This is Janie and Jack One-Pieces & Rompers in blue Color and 0-3 months Size,42462,5853.94,3749.99,4339.8,2022-10-05 20:58:16.957695770
SKU0023269,Kids,FSHN0MC003,Boys clothing,FSHN0SC0KDS001,Blazers & Vests,1103,Janie and Jack,2201,Janie and Jack Blazers & Vests,11032201,multicolor,16,This is Janie and Jack Blazers & Vests in multicolor Color and 16 Size,42492,4980.98,3246.07,3149.22,2022-09-04 22:53:38.289828982
SKU0023298,Kids,FSHN0MC003,New Born Clothing,FSHN0SC0KDS004,Sweaters & Jackets,1205,Janie and Jack,2201,Janie and Jack Sweaters & Jackets,12052201,white,3-6 months,This is Janie and Jack Sweaters & Jackets in white Color and 3-6 months Size,42512,5137.87,2934.15,2793.45,2022-09-20 01:23:43.798379838
SKU0023306,Kids,FSHN0MC003,Boys clothing,FSHN0SC0KDS001,Polos,1185,Janie and Jack,2201,Janie and Jack Polos,11852201,gray,6,This is Janie and Jack Polos in gray Color and 6 Size,42520,5314.1,3499.48,4046.47,2022-11-20 04:48:15.553555356
SKU0023368,Kids,FSHN0MC003,New Born Clothing,FSHN0SC0KDS004,Sets,1232,Janie and Jack,2201,Janie and Jack Sets,12322201,pink,3-6 months,This is Janie and Jack Sets in pink Color and 3-6 months Size,42568,3658.01,2535.18,2896.04,2022-12-18 21:01:54.707470748
SKU0023402,Kids,FSHN0MC003,Accessories,FSHN0SC0KDS005,Handbags,1199,Janie and Jack,2201,Janie and Jack Handbags,11992201,blue,6-12 months,This is Janie and Jack Handbags in blue Color and 6-12 months Size,42596,6540.51,3965.28,4831.42,2022-12-21 20:36:46.012601260
SKU0023426,Kids,FSHN0MC003,Girls clothing,FSHN0SC0KDS002,Rompers & Jumpsuits,1249,Janie and Jack,2201,Janie and Jack Rompers & Jumpsuits,12492201,black,2T,This is Janie and Jack Rompers & Jumpsuits in black Color and 2T Size,42617,6105.57,3387.98,3905.3,2022-10-12 01:23:12.691269127
SKU0023473,Kids,FSHN0MC003,Girls clothing,FSHN0SC0KDS002,Sleeveless Tops,1252,Janie and Jack,2201,Janie and Jack Sleeveless Tops,12522201,orange,5,This is Janie and Jack Sleeveless Tops in orange Color and 5 Size,42657,6212.7,4214.01,4285.65,2022-09-21 06:37:08.046804680
SKU0023479,Kids,FSHN0MC003,New Born Clothing,FSHN0SC0KDS004,One-Pieces & Rompers,1106,Janie and Jack,2201,Janie and Jack One-Pieces & Rompers,11062201,yellow,0-3 months,This is Janie and Jack One-Pieces & Rompers in yellow Color and 0-3 months Size,42662,2458.36,1342.83,1380.36,2023-01-16 08:59:26.948694870
SKU0023532,Kids,FSHN0MC003,Girls clothing,FSHN0SC0KDS002,Jackets & Coats,1223,Janie and Jack,2201,Janie and Jack Jackets & Coats,12232201,pink,16,This is Janie and Jack Jackets & Coats in pink Color and 16 Size,42708,3908.81,1968.54,2109.72,2023-01-29 02:21:32.241224124
SKU0023539,Kids,FSHN0MC003,Girls clothing,FSHN0SC0KDS002,Pajamas ,1202,Janie and Jack,2201,Janie and Jack Pajamas ,12022201,red,8,This is Janie and Jack Pajamas  in red Color and 8 Size,42715,3844.48,2456.27,2769.43,2022-09-12 03:56:09.288928893
SKU0023623,Kids,FSHN0MC003,New Born Clothing,FSHN0SC0KDS004,Sweaters & Jackets,1205,Janie and Jack,2201,Janie and Jack Sweaters & Jackets,12052201,black,9-12 months,This is Janie and Jack Sweaters & Jackets in black Color and 9-12 months Size,42782,6230.63,3863.39,4477.19,2022-11-20 11:22:16.957695770
SKU0023655,Kids,FSHN0MC003,Girls clothing,FSHN0SC0KDS002,Jackets & Coats,1223,Janie and Jack,2201,Janie and Jack Jackets & Coats,12232201,purple,7,This is Janie and Jack Jackets & Coats in purple Color and 7 Size,42810,3983.45,2778.42,2930.64,2022-10-03 10:11:46.390639064
SKU0023672,Kids,FSHN0MC003,New Born Clothing,FSHN0SC0KDS004,Tops & Bodysuits,1219,Janie and Jack,2201,Janie and Jack Tops & Bodysuits,12192201,yellow,9-12 months,This is Janie and Jack Tops & Bodysuits in yellow Color and 9-12 months Size,38751,2812.64,1731.85,1691.51,2022-09-11 09:32:53.357335733
SKU0023700,Kids,FSHN0MC003,Boys clothing,FSHN0SC0KDS001,Tees,1231,Janie and Jack,2201,Janie and Jack Tees,12312201,black,5,This is Janie and Jack Tees in black Color and 5 Size,42843,6372.16,3945.92,4576.44,2022-11-09 14:59:15.283528353
SKU0023706,Kids,FSHN0MC003,New Born Clothing,FSHN0SC0KDS004,Sweaters & Jackets,1205,Janie and Jack,2201,Janie and Jack Sweaters & Jackets,12052201,pink,6-9 months,This is Janie and Jack Sweaters & Jackets in pink Color and 6-9 months Size,42847,2757.07,1537.83,1829.67,2022-09-08 13:15:02.754275427
SKU0023863,Kids,FSHN0MC003,Accessories,FSHN0SC0KDS005,Sunglasses,1132,Janie and Jack,2201,Janie and Jack Sunglasses,11322201,shaded,6-12 months,This is Janie and Jack Sunglasses in shaded Color and 6-12 months Size,42978,3107.92,1922.62,2088.09,2022-11-14 23:42:06.804680468
SKU0023886,Kids,FSHN0MC003,Accessories,FSHN0SC0KDS005,Socks & Tights,1135,Janie and Jack,2201,Janie and Jack Socks & Tights,11352201,burgundy,12-24 months,This is Janie and Jack Socks & Tights in burgundy Color and 12-24 months Size,42998,5842.07,3173.5,3708.38,2022-10-29 22:12:56.381638164
SKU0023914,Kids,FSHN0MC003,New Born Clothing,FSHN0SC0KDS004,Tops & Bodysuits,1219,Janie and Jack,2201,Janie and Jack Tops & Bodysuits,12192201,pink,9-12 months,This is Janie and Jack Tops & Bodysuits in pink Color and 9-12 months Size,43023,6368.99,4147.36,4437.48,2023-01-13 09:04:53.573357336
SKU0024009,Kids,FSHN0MC003,New Born Clothing,FSHN0SC0KDS004,Swim,1136,Janie and Jack,2201,Janie and Jack Swim,11362201,orange,9-12 months,This is Janie and Jack Swim in orange Color and 9-12 months Size,43102,2828.01,1466.34,1652.35,2022-09-01 14:46:33.159315931
SKU0024067,Kids,FSHN0MC003,New Born Clothing,FSHN0SC0KDS004,Sweaters & Jackets,1205,Janie and Jack,2201,Janie and Jack Sweaters & Jackets,12052201,multicolor,3-6 months,This is Janie and Jack Sweaters & Jackets in multicolor Color and 3-6 months Size,43152,5577.33,3888.64,4368.57,2022-12-15 14:53:01.998199820
SKU0024068,Kids,FSHN0MC003,Kids Footwear,FSHN0SC0KDS003,Girl Shoes,1189,Janie and Jack,2201,Janie and Jack Girl Shoes,11892201,white,UK 5C,This is Janie and Jack Girl Shoes in white Color and UK 5C Size,43153,6499.49,4170.85,4361.18,2023-01-01 07:08:45.580558056
SKU0024130,Kids,FSHN0MC003,Girls clothing,FSHN0SC0KDS002,Swim & Cover-Ups,1114,Janie and Jack,2201,Janie and Jack Swim & Cover-Ups,11142201,burgundy,12-18M,This is Janie and Jack Swim & Cover-Ups in burgundy Color and 12-18M Size,43204,3948.91,2561.77,3167.02,2023-01-29 07:56:27.434743476
SKU0024136,Kids,FSHN0MC003,Boys clothing,FSHN0SC0KDS001,Sweaters & Sweatshirts,1253,Janie and Jack,2201,Janie and Jack Sweaters & Sweatshirts,12532201,black,7,This is Janie and Jack Sweaters & Sweatshirts in black Color and 7 Size,43209,5077.73,3147.32,3298.58,2022-12-28 01:21:23.816381638
SKU0024288,Kids,FSHN0MC003,Accessories,FSHN0SC0KDS005,"Hats, Scarves, & Gloves",1164,Janie and Jack,2201,"Janie and Jack Hats, Scarves, & Gloves",11642201,white,12+ years,"This is Janie and Jack Hats, Scarves, & Gloves in white Color and 12+ years Size",43330,6896.5,4686.65,4596.74,2022-10-01 09:36:00.000000000
SKU0024320,Kids,FSHN0MC003,Girls clothing,FSHN0SC0KDS002,Sleeveless Tops,1252,Janie and Jack,2201,Janie and Jack Sleeveless Tops,12522201,multicolor,12,This is Janie and Jack Sleeveless Tops in multicolor Color and 12 Size,43353,5453.71,2946.24,3152.03,2022-10-10 08:40:15.985598560
SKU0024384,Kids,FSHN0MC003,Boys clothing,FSHN0SC0KDS001,Pants,1184,Janie and Jack,2201,Janie and Jack Pants,11842201,white,10,This is Janie and Jack Pants in white Color and 10 Size,43406,2000.31,1375.91,1372.82,2022-12-01 07:25:36.561656166
SKU0024406,Kids,FSHN0MC003,Accessories,FSHN0SC0KDS005,"Hats, Scarves, & Gloves",1164,Janie and Jack,2201,"Janie and Jack Hats, Scarves, & Gloves",11642201,yellow,4+ years,"This is Janie and Jack Hats, Scarves, & Gloves in yellow Color and 4+ years Size",43425,6064.21,3048.06,3443.06,2022-09-23 11:48:43.420342034
SKU0024433,Kids,FSHN0MC003,Accessories,FSHN0SC0KDS005,Socks & Tights,1135,Janie and Jack,2201,Janie and Jack Socks & Tights,11352201,shaded,6+ years,This is Janie and Jack Socks & Tights in shaded Color and 6+ years Size,43443,5988.5,3328.6,3552.82,2022-09-07 21:09:41.314131413
SKU0024439,Kids,FSHN0MC003,Girls clothing,FSHN0SC0KDS002,Leggings,1251,Janie and Jack,2201,Janie and Jack Leggings,12512201,burgundy,6-12M,This is Janie and Jack Leggings in burgundy Color and 6-12M Size,43448,2295.1,1510.1,1874.1,2022-11-15 05:36:44.068406841
SKU0024471,Kids,FSHN0MC003,Accessories,FSHN0SC0KDS005,Sunglasses,1132,Janie and Jack,2201,Janie and Jack Sunglasses,11322201,red,12+ years,This is Janie and Jack Sunglasses in red Color and 12+ years Size,43477,3747.1,2195.81,2310.68,2022-12-05 13:32:40.396039605
SKU0024490,Kids,FSHN0MC003,New Born Clothing,FSHN0SC0KDS004,Dresses & Sets,1125,Janie and Jack,2201,Janie and Jack Dresses & Sets,11252201,blue,9-12 months,This is Janie and Jack Dresses & Sets in blue Color and 9-12 months Size,43495,6264.22,3297.87,3998.68,2022-10-06 08:27:49.414941494
SKU0024544,Kids,FSHN0MC003,New Born Clothing,FSHN0SC0KDS004,Pants & Overalls,1101,Janie and Jack,2201,Janie and Jack Pants & Overalls,11012201,multicolor,6-9 months,This is Janie and Jack Pants & Overalls in multicolor Color and 6-9 months Size,43535,6628.88,3817.48,4767.74,2022-09-07 17:32:58.541854185
SKU0024547,Kids,FSHN0MC003,New Born Clothing,FSHN0SC0KDS004,Sets,1232,Janie and Jack,2201,Janie and Jack Sets,12322201,black,0-3 months,This is Janie and Jack Sets in black Color and 0-3 months Size,43537,4400.25,2445.35,2856.32,2022-12-06 02:21:01.134113412
SKU0024623,Kids,FSHN0MC003,New Born Clothing,FSHN0SC0KDS004,Sweaters & Jackets,1205,Janie and Jack,2201,Janie and Jack Sweaters & Jackets,12052201,red,0-3 months,This is Janie and Jack Sweaters & Jackets in red Color and 0-3 months Size,43598,5632.27,3613.84,3522.3,2022-10-08 10:02:42.016201620
SKU0024691,Kids,FSHN0MC003,Accessories,FSHN0SC0KDS005,Sunglasses,1132,Janie and Jack,2201,Janie and Jack Sunglasses,11322201,navy,8+ years,This is Janie and Jack Sunglasses in navy Color and 8+ years Size,43654,4870.51,3015.02,3298.24,2022-10-29 07:26:23.222322233
SKU0024757,Kids,FSHN0MC003,Girls clothing,FSHN0SC0KDS002,Leggings,1251,Janie and Jack,2201,Janie and Jack Leggings,12512201,navy,16,This is Janie and Jack Leggings in navy Color and 16 Size,43707,2181.82,1099.55,1292.59,2022-11-06 17:42:18.469846985
SKU0024767,Kids,FSHN0MC003,New Born Clothing,FSHN0SC0KDS004,Swim,1136,Janie and Jack,2201,Janie and Jack Swim,11362201,black,0-3 months,This is Janie and Jack Swim in black Color and 0-3 months Size,43716,3585.28,2128.13,2397.39,2022-10-01 11:34:12.421242124
SKU0024799,Kids,FSHN0MC003,New Born Clothing,FSHN0SC0KDS004,Sweaters & Jackets,1205,Janie and Jack,2201,Janie and Jack Sweaters & Jackets,12052201,black,3-6 months,This is Janie and Jack Sweaters & Jackets in black Color and 3-6 months Size,43740,3606.19,2457.01,2445.49,2022-11-30 10:05:01.998199820
SKU0024908,Kids,FSHN0MC003,Kids Footwear,FSHN0SC0KDS003,Girl Shoes,1189,Janie and Jack,2201,Janie and Jack Girl Shoes,11892201,orange,UK 5C,This is Janie and Jack Girl Shoes in orange Color and UK 5C Size,43827,3292.59,1989.43,2360.11,2022-11-19 04:50:04.428442845
SKU0024940,Kids,FSHN0MC003,New Born Clothing,FSHN0SC0KDS004,Swim,1136,Janie and Jack,2201,Janie and Jack Swim,11362201,maroon,3-6 months,This is Janie and Jack Swim in maroon Color and 3-6 months Size,43855,3453.74,2398.63,2945.74,2022-10-04 13:26:58.217821782
SKU0024945,Kids,FSHN0MC003,Accessories,FSHN0SC0KDS005,Handbags,1199,Janie and Jack,2201,Janie and Jack Handbags,11992201,purple,2+ years,This is Janie and Jack Handbags in purple Color and 2+ years Size,43859,2081.81,1374.48,1342.1,2022-11-10 12:00:07.776777678
SKU0024982,Kids,FSHN0MC003,Accessories,FSHN0SC0KDS005,Sunglasses,1132,Janie and Jack,2201,Janie and Jack Sunglasses,11322201,purple,12-24 months,This is Janie and Jack Sunglasses in purple Color and 12-24 months Size,43888,5214.38,3630.13,3825.45,2022-10-28 10:05:48.658865887
SKU0025005,Kids,FSHN0MC003,New Born Clothing,FSHN0SC0KDS004,Sets,1232,Janie and Jack,2201,Janie and Jack Sets,12322201,purple,3-6 months,This is Janie and Jack Sets in purple Color and 3-6 months Size,43905,6062.56,4024.42,4658.0,2022-11-13 17:29:36.345634564
SKU0025013,Kids,FSHN0MC003,Kids Footwear,FSHN0SC0KDS003,Boy Shoes,1139,Janie and Jack,2201,Janie and Jack Boy Shoes,11392201,black,UK 8C,This is Janie and Jack Boy Shoes in black Color and UK 8C Size,43908,6445.32,4485.32,5387.73,2022-11-18 17:00:49.900990099
SKU0025106,Kids,FSHN0MC003,Girls clothing,FSHN0SC0KDS002,Rompers & Jumpsuits,1249,Janie and Jack,2201,Janie and Jack Rompers & Jumpsuits,12492201,navy,8,This is Janie and Jack Rompers & Jumpsuits in navy Color and 8 Size,43984,4598.5,2463.35,2454.0,2022-11-09 18:35:58.055805581
SKU0025174,Kids,FSHN0MC003,Kids Footwear,FSHN0SC0KDS003,Boy Shoes,1139,Janie and Jack,2201,Janie and Jack Boy Shoes,11392201,orange,UK 6C,This is Janie and Jack Boy Shoes in orange Color and UK 6C Size,44032,6855.82,3823.37,4325.18,2022-10-14 17:05:14.311431143
SKU0025309,Kids,FSHN0MC003,Accessories,FSHN0SC0KDS005,Belts & Suspenders,1142,Janie and Jack,2201,Janie and Jack Belts & Suspenders,11422201,blue,12+ years,This is Janie and Jack Belts & Suspenders in blue Color and 12+ years Size,44142,4552.24,2807.09,2698.05,2022-12-23 03:28:40.612061206
SKU0025311,Kids,FSHN0MC003,Girls clothing,FSHN0SC0KDS002,Top,1241,Janie and Jack,2201,Janie and Jack Top,12412201,gray,6-12M,This is Janie and Jack Top in gray Color and 6-12M Size,44143,4664.67,3017.43,3104.33,2022-11-13 05:40:21.818181819
SKU0025439,Kids,FSHN0MC003,New Born Clothing,FSHN0SC0KDS004,Pants & Overalls,1101,Janie and Jack,2201,Janie and Jack Pants & Overalls,11012201,purple,9-12 months,This is Janie and Jack Pants & Overalls in purple Color and 9-12 months Size,35111,2897.29,1740.41,1767.57,2022-10-26 09:10:20.198019802
SKU0025555,Kids,FSHN0MC003,Accessories,FSHN0SC0KDS005,Sunglasses,1132,Janie and Jack,2201,Janie and Jack Sunglasses,11322201,gray,0-6 months,This is Janie and Jack Sunglasses in gray Color and 0-6 months Size,44324,6922.64,3881.82,4832.19,2022-12-12 08:44:09.288928893
SKU0025750,Kids,FSHN0MC003,New Born Clothing,FSHN0SC0KDS004,Swim,1136,Janie and Jack,2201,Janie and Jack Swim,11362201,orange,9-12 months,This is Janie and Jack Swim in orange Color and 9-12 months Size,43102,3100.83,1621.64,1623.85,2022-12-20 22:56:29.378937894
SKU0025924,Kids,FSHN0MC003,Accessories,FSHN0SC0KDS005,Hair,1213,Janie and Jack,2201,Janie and Jack Hair,12132201,yellow,6+ years,This is Janie and Jack Hair in yellow Color and 6+ years Size,44612,2933.61,1867.94,1920.56,2022-10-13 14:09:44.554455446
SKU0025975,Kids,FSHN0MC003,Boys clothing,FSHN0SC0KDS001,Chinos,1194,Janie and Jack,2201,Janie and Jack Chinos,11942201,multicolor,3,This is Janie and Jack Chinos in multicolor Color and 3 Size,44652,3088.39,1899.88,2007.65,2023-01-25 11:40:25.706570658
SKU0026087,Kids,FSHN0MC003,Accessories,FSHN0SC0KDS005,Belts & Suspenders,1142,Janie and Jack,2201,Janie and Jack Belts & Suspenders,11422201,gray,12+ years,This is Janie and Jack Belts & Suspenders in gray Color and 12+ years Size,44742,6090.45,4018.16,4454.02,2023-01-12 02:32:41.044104412
SKU0026098,Kids,FSHN0MC003,Boys clothing,FSHN0SC0KDS001,Suiting,1215,Janie and Jack,2201,Janie and Jack Suiting,12152201,orange,14,This is Janie and Jack Suiting in orange Color and 14 Size,44750,3802.93,2326.63,2793.05,2022-12-17 09:34:11.125112512
SKU0026147,Kids,FSHN0MC003,New Born Clothing,FSHN0SC0KDS004,Dresses & Sets,1125,Janie and Jack,2201,Janie and Jack Dresses & Sets,11252201,pink,6-9 months,This is Janie and Jack Dresses & Sets in pink Color and 6-9 months Size,44787,3603.15,1971.02,2097.29,2022-12-15 22:26:09.612961296
SKU0026169,Kids,FSHN0MC003,Accessories,FSHN0SC0KDS005,Sunglasses,1132,Janie and Jack,2201,Janie and Jack Sunglasses,11322201,shaded,6-12 months,This is Janie and Jack Sunglasses in shaded Color and 6-12 months Size,42978,6882.57,4266.29,4619.87,2022-09-27 07:25:21.008100810
SKU0026209,Kids,FSHN0MC003,Girls clothing,FSHN0SC0KDS002,Leggings,1251,Janie and Jack,2201,Janie and Jack Leggings,12512201,shaded,4,This is Janie and Jack Leggings in shaded Color and 4 Size,44838,4309.67,2696.21,3272.37,2023-01-01 08:47:15.931593160
